{
  "project_info": {
    "project_number": "984085229292",
    "firebase_url": "https://bewell-auth-default-rtdb.firebaseio.com",
    "project_id": "bewell-auth",
    "storage_bucket": "bewell-auth.appspot.com"
  },
  "client": [
    {
      "client_info": {
        "mobilesdk_app_id": "1:984085229292:android:bc655a8ef794895cac7fc9",
        "android_client_info": {
          "package_name": "com.example.bewell"
        }
      },
      "oauth_client": [
        {
          "client_id": "984085229292-mdkscqsjsj48nveb6tnmc0kne3eaifir.apps.googleusercontent.com",
          "client_type": 1,
          "android_info": {
            "package_name": "com.example.bewell",
            "certificate_hash": "13f2b542dba6cf8892c1a71a0ccfcf82af0bb06d"
          }
        },
        {
          "client_id": "984085229292-nqb08liq9i78c9ka4a2ir327qnhpqn96.apps.googleusercontent.com",
          "client_type": 3
        }
      ],
      "api_key": [
        {
          "current_key": "AIzaSyBtsJmL6qZbZQyA-mvoZuVKD1vu8XCsAew"
        }
      ],
      "services": {
        "appinvite_service": {
          "other_platform_oauth_client": [
            {
              "client_id": "984085229292-nqb08liq9i78c9ka4a2ir327qnhpqn96.apps.googleusercontent.com",
              "client_type": 3
            }
          ]
        }
      }
    }
  ],
  "configuration_version": "1"
}